ID, me,Sex,Age,Height,Weight,Team,NOC,Games,Year,Season,City,Sport,Event,Medal
13659,Martin Luther Borthen,M,41,,,Heira II,NOR,1920 Summer,1920,Summer,Antwerpen,Sailing,Sailing Mixed 12 metres,Gold
40696,Hermann Glaser,M,29,187,80,West Germany,FRG,1976 Summer,1976,Summer,Montreal,Canoeing,"Canoeing Men's Canadian Doubles, 500 metres", 
52763,Gyrgy Ivnkai,M,30,171,73,Hungary,HUN,1968 Winter,1968,Winter,Grenoble,Speed Skating,"Speed Skating Men's 5,000 metres", 
116166,Attila Sudr,M,26,187,81,Hungary,HUN,1980 Summer,1980,Summer,Moskva,Water Polo,Water Polo Men's Water Polo,Bronze
48824,Irene Hirst,F,22,,,Great Britain,GBR,1952 Summer,1952,Summer,Helsinki,Gymnastics,Gymnastics Women's Balance Beam, 
105043,Artour Samsonov,M,23,187,83,United States,USA,2004 Summer,2004,Summer,Athina,Rowing,Rowing Men's Coxless Pairs, 
111490,akir xliyev,M,21,163,,Azerbaijan,AZE,2012 Summer,2012,Summer,London,Gymnastics,Gymnastics Men's Horizontal Bar, 
23225,Chus Cortina,F,17,,,Mexico,MEX,1992 Winter,1992,Winter,Albertville,Alpine Skiing,Alpine Skiing Women's Slalom, 
112858,Josip olar,M,,,,Yugoslavia,YUG,1928 Summer,1928,Summer,Amsterdam,Cycling,"Cycling Men's Road Race, Individual", 
98107,Evgeniya Nikolova Radanova,F,24,166,65,Bulgaria,BUL,2002 Winter,2002,Winter,Salt Lake City,Short Track Speed Skating,"Short Track Speed Skating Women's 1,000 metres", 
41025,Taniele Gofers,F,23,183,80,Australia,AUS,2008 Summer,2008,Summer,Beijing,Water Polo,Water Polo Women's Water Polo,Bronze
94887,Julien Pillet,M,30,184,75,France,FRA,2008 Summer,2008,Summer,Beijing,Fencing,"Fencing Men's Sabre, Individual", 
92215,Brandon Douglas Paulson,M,22,162,52,United States,USA,1996 Summer,1996,Summer,Atlanta,Wrestling,"Wrestling Men's Flyweight, Greco-Roman",Silver
40047,Nilima Ghose,F,17,,,India,IND,1952 Summer,1952,Summer,Helsinki,Athletics,Athletics Women's 100 metres, 
135233,Peter onta,M,23,180,65,Slovenia,SLO,2002 Winter,2002,Winter,Salt Lake City,Ski Jumping,"Ski Jumping Men's Large Hill, Team",Bronze
124320,Jurgen Van Den Broeck,M,25,183,68,Belgium,BEL,2008 Summer,2008,Summer,Beijing,Cycling,"Cycling Men's Road Race, Individual", 
81152,Rosa Molina Arias,F,25,165,82,Chile,CHI,1972 Summer,1972,Summer,Munich,Athletics,Athletics Women's Shot Put, 
73453,James Magnussen,M,21,198,94,Australia,AUS,2012 Summer,2012,Summer,London,Swimming,Swimming Men's 4 x 100 metres Freestyle Relay, 
114119,Giulia Staccioli,F,20,173,56,Italy,ITA,1984 Summer,1984,Summer,Los Angeles,Rhythmic Gymnastics,Rhythmic Gymnastics Women's Individual, 
113228,Jnos Sre,M,25,172,66,Hungary,HUN,1960 Summer,1960,Summer,Roma,Cycling,"Cycling Men's 1,000 metres Time Trial", 
17836,Yasemin Can,F,19,166,49,Turkey,TUR,2016 Summer,2016,Summer,Rio de Janeiro,Athletics,"Athletics Women's 5,000 metres", 
59480,Taras Yuryevich Khtey,M,30,205,109,Russia,RUS,2012 Summer,2012,Summer,London,Volleyball,Volleyball Men's Volleyball,Gold
52397,Carlos Isaac,M,24,178,62,Argentina,ARG,1948 Summer,1948,Summer,London,Athletics,Athletics Men's 4 x 100 metres Relay, 
10483,Evy Margareta Berggren (-Westerberg),F,18,,,Sweden,SWE,1952 Summer,1952,Summer,Helsinki,Gymnastics,Gymnastics Women's Team Portable Apparatus,Gold
47056,Gerhart Hecker,M,26,178,66,Hungary,HUN,1960 Summer,1960,Summer,Roma,Athletics,"Athletics Men's 3,000 metres Steeplechase", 
27911,Bart Deurloo,M,25,170,65,Netherlands,NED,2016 Summer,2016,Summer,Rio de Janeiro,Gymnastics,Gymnastics Men's Floor Exercise, 
28458,Ullrich Diener,M,25,189,83,East Germany,GDR,1980 Summer,1980,Summer,Moskva,Rowing,Rowing Men's Coxed Fours,Gold
122761,"Rebecca Ann ""Becky"" Turner",F,18,,,United States,USA,1996 Summer,1996,Summer,Atlanta,Rhythmic Gymnastics,Rhythmic Gymnastics Women's Group, 
66364,Harold Mansfield Lane,M,33,,,Great Britain,GBR,1928 Summer,1928,Summer,Amsterdam,Rowing,Rowing Men's Coxed Eights,Silver
53275,Khashaba Dadasaheb  Jahdav,M,25,,,India,IND,1952 Summer,1952,Summer,Helsinki,Wrestling,"Wrestling Men's Bantamweight, Freestyle",Bronze
92234,Ion Pun,M,25,165,68,Romania,ROU,1976 Summer,1976,Summer,Montreal,Wrestling,"Wrestling Men's Featherweight, Greco-Roman", 
69217,Dale Folsom Lewis,M,23,185,113,United States,USA,1956 Summer,1956,Summer,Melbourne,Wrestling,"Wrestling Men's Heavyweight, Greco-Roman", 
104336,Ahmed Sad,M,27,164,48,Algeria,ALG,1980 Summer,1980,Summer,Moskva,Boxing,Boxing Men's Light-Flyweight, 
98067,Grayna Rabsztyn,F,23,172,63,Poland,POL,1976 Summer,1976,Summer,Montreal,Athletics,Athletics Women's 100 metres Hurdles, 
47875,Aurora Heredia,F,20,176,77,Peru,PER,1980 Summer,1980,Summer,Moskva,Volleyball,Volleyball Women's Volleyball, 
111504,Nils Einar Sjberg,M,27,,,Sweden,SWE,1952 Summer,1952,Summer,Helsinki,Gymnastics,Gymnastics Men's Horse Vault, 
88458,Seikan Oki,M,25,,,Japan,JPN,1932 Summer,1932,Summer,Los Angeles,Athletics,Athletics Men's 4 x 400 metres Relay, 
50942,Esa Juhani Hukkanen,M,25,183,78.5,Finland,FIN,1988 Summer,1988,Summer,Seoul,Boxing,Boxing Men's Middleweight, 
74458,Carl Hans Theodor Manicus-Hansen,M,28,,,Denmark,DEN,1906 Summer,1906,Summer,Athina,Gymnastics,Gymnastics Men's Team All-Around,Silver
69003,Stphane Lessard,M,26,176,90,France,FRA,1988 Winter,1988,Winter,Calgary,Ice Hockey,Ice Hockey Men's Ice Hockey, 
12582,John Patrick Bodden,M,36,175,68,Cayman Islands,CAY,1992 Summer,1992,Summer,Barcelona,Sailing,Sailing Mixed Two Person Keelboat, 
126135,Mark Andreas Cornelis Versfeld,M,24,186,75,Canada,CAN,2000 Summer,2000,Summer,Sydney,Swimming,Swimming Men's 100 metres Backstroke, 
108220,Martina efkov,F,21,184,82,Czechoslovakia,TCH,1992 Summer,1992,Summer,Barcelona,Rowing,Rowing Women's Coxed Eights, 
47930,Jnis Hermanis,M,21,186,80,Latvia,LAT,1992 Winter,1992,Winter,Albertville,Cross Country Skiing,Cross Country Skiing Men's 50 kilometres, 
120428,Tin Sein,M,21,171,62,Myanmar,MYA,1972 Summer,1972,Summer,Munich,Football,Football Men's Football, 
64441,Mariya Yevgenyevna Kryuchkova,F,16,150,39,Russia,RUS,2004 Summer,2004,Summer,Athina,Gymnastics,Gymnastics Women's Floor Exercise, 
91766,Katalin Parragh,F,20,155,54,Hungary,HUN,1992 Summer,1992,Summer,Barcelona,Judo,Judo Women's Half-Lightweight, 
122939,"Danielle M. ""Dani"" Tyler",F,21,167,,United States,USA,1996 Summer,1996,Summer,Atlanta,Softball,Softball Women's Softball,Gold
18196,Augusto Manuel Ferreira Cardoso Pereira,M,35,172,65,Portugal,POR,2008 Summer,2008,Summer,Beijing,Athletics,Athletics Men's 50 kilometres Walk, 
69891,Lim Chiow Chuan,M,26,,,Malaysia,MAS,1992 Summer,1992,Summer,Barcelona,Hockey,Hockey Men's Hockey, 
5296,Arqumedes Arrieta,M,18,,,Uruguay,URU,1936 Summer,1936,Summer,Berlin,Boxing,Boxing Men's Featherweight, 
93893,Peter Geltzer Petersen,M,31,,,Denmark,DEN,1924 Summer,1924,Summer,Paris,Shooting,"Shooting Men's Free Rifle, 400, 600 and 800 metres, Team", 
113554,Sren Fjordback Sndergaard,M,22,177,63,Denmark,DEN,1988 Summer,1988,Summer,Seoul,Boxing,Boxing Men's Light-Welterweight, 
132442,Kaori Yanase,F,16,167,61,Japan,JPN,1984 Summer,1984,Summer,Los Angeles,Swimming,Swimming Women's 200 metres Freestyle, 
33219,Fabio Espinosa,M,24,170,69,Colombia,COL,1972 Summer,1972,Summer,Munich,Football,Football Men's Football, 
10021,Maja Benedii,F,24,172,60,Slovenia,SLO,2006 Winter,2006,Winter,Torino,Cross Country Skiing,Cross Country Skiing Women's Team Sprint, 
20672,Moustafa Chichi Raghimi,M,19,172,68,Iran,IRI,1988 Summer,1988,Summer,Seoul,Cycling,Cycling Men's 100 kilometres Team Time Trial, 
4395,Subbaiah Anjaparavanda Bopaiah,M,25,169,60,India,IND,1996 Summer,1996,Summer,Atlanta,Hockey,Hockey Men's Hockey, 
37098,Andrew Freshwater,M,24,,,Great Britain,GBR,1998 Winter,1998,Winter, gano,Alpine Skiing,Alpine Skiing Men's Combined, 
32912,Rolf Georg Ericsson (-Hemlin),M,29,,,Sweden,SWE,1948 Winter,1948,Winter,Sankt Moritz,Ice Hockey,Ice Hockey Men's Ice Hockey, 
26155,Hctor Ladrn de Guevara,M,20,172,65,Peru,PER,1960 Summer,1960,Summer,Roma,Football,Football Men's Football, 
52873,Yekaterina Gennadyevna Ivanova (-Vinogradova),F,28,174,63,Belarus,BLR,2006 Winter,2006,Winter,Torino,Biathlon,Biathlon Women's 7.5 kilometres Sprint, 
13362,"Mitchell Jay ""Mitch"" Booth",M,33,169,78,Australia,AUS,1996 Summer,1996,Summer,Atlanta,Sailing,Sailing Mixed Multihull,Silver
103281,Vitaly Ivanovich Rudnitsky,M,21,164,61,Belarus,BLR,1996 Summer,1996,Summer,Atlanta,Gymnastics,Gymnastics Men's Rings, 
70622,Liu Ping,F,21,174,70,China,CHN,2008 Summer,2008,Summer,Beijing,Water Polo,Water Polo Women's Water Polo, 
30106,Sergey Mikhaylovich Drozdov,M,34,183,81,Kazakhstan,KAZ,2004 Summer,2004,Summer,Athina,Water Polo,Water Polo Men's Water Polo, 
108373,Hubert Seiz,M,19,167,59,Switzerland,SUI,1980 Summer,1980,Summer,Moskva,Cycling,"Cycling Men's Road Race, Individual", 
123235,Ivar Michal Ulekleiv,M,27,180,73,Norway,NOR,1994 Winter,1994,Winter,Lillehammer,Biathlon,Biathlon Men's 10 kilometres Sprint, 
21141,Rodolfo Choperena Irizarri,M,31,,,Mexico,MEX,1936 Summer,1936,Summer,Berlin,Basketball,Basketball Men's Basketball,Bronze
53886,Patrik Inge Johan Jrbyn,M,28,181,85,Sweden,SWE,1998 Winter,1998,Winter, gano,Alpine Skiing,Alpine Skiing Men's Super G, 
115082,"Lawrence ""Laurie"" Stevens",M,19,,,South Africa,RSA,1932 Summer,1932,Summer,Los Angeles,Boxing,Boxing Men's Lightweight,Gold
36823,Malene Franzen,F,17,164,44,Denmark,DEN,1988 Summer,1988,Summer,Seoul,Rhythmic Gymnastics,Rhythmic Gymnastics Women's Individual, 
955,Jikirum Adjaluddin,M,25,,,Philippines,PHI,1936 Summer,1936,Summer,Berlin,Swimming,Swimming Men's 200 metres Breaststroke, 
87257,Alf Nrgaard,M,35,,,Norway,NOR,1952 Summer,1952,Summer,Helsinki,Gymnastics,Gymnastics Men's Rings, 
67775,Alexandre Dae Jin Lee,M,26,170,60,Brazil,BRA,2004 Summer,2004,Summer,Athina,Judo,Judo Men's Extra-Lightweight, 
48137,Carl Vctor Herrera Alleyne,M,25,205,102,Venezuela,VEN,1992 Summer,1992,Summer,Barcelona,Basketball,Basketball Men's Basketball, 
33886,Rolf Falk-Larssen,M,23,173,67,Norway,NOR,1984 Winter,1984,Winter,Sarajevo,Speed Skating,"Speed Skating Men's 5,000 metres", 
97703,Olga Valeryevna Pylyova-Medvedtseva (Zamorozova-),F,34,163,55,Russia,RUS,2010 Winter,2010,Winter,Vancouver,Biathlon,Biathlon Women's 4 x 6 kilometres Relay,Gold
83708,Maria Musso,F,21,,,Italy,ITA,1952 Summer,1952,Summer,Helsinki,Athletics,Athletics Women's 80 metres Hurdles, 
126443,"Maria ""Rie"" Vierdag (-Smit)",F,22,170,,Netherlands,NED,1928 Summer,1928,Summer,Amsterdam,Swimming,Swimming Women's 4 x 100 metres Freestyle Relay, 
6379,Omar Ba,M,22,,,Senegal,SEN,1972 Summer,1972,Summer,Munich,Athletics,Athletics Men's 4 x 400 metres Relay, 
80018,Predrag Milo,M,21,187,79,Yugoslavia,YUG,1976 Summer,1976,Summer,Montreal,Swimming,Swimming Men's 200 metres Backstroke, 
134084,Ernst Zaugg,M,26,184,70,Switzerland,SUI,1960 Summer,1960,Summer,Roma,Athletics,Athletics Men's 4 x 400 metres Relay, 
101583,Warren Rock,M,34,176,73,Australia,AUS,1976 Summer,1976,Summer,Montreal,Sailing,Sailing Mixed Multihull, 
107211,Julian Frank Schmitz,M,22,,,United States,USA,1904 Summer,1904,Summer,St. Louis,Gymnastics,Gymnastics Men's Individual All-Around, 
51459,Anne-Mari Hyrylinen (Koskinen-),F,37,168,50,Finland,FIN,2016 Summer,2016,Summer,Rio de Janeiro,Athletics,Athletics Women's Marathon, 
89890,"Mihael ""Miha"" Oswald",M,,,,Yugoslavia,YUG,1924 Summer,1924,Summer,Paris,Gymnastics,Gymnastics Men's Team All-Around, 
55599,Jlus Jnasson,M,27,,,Iceland,ISL,1992 Summer,1992,Summer,Barcelona,Handball,Handball Men's Handball, 
110628,Genevive Simard,F,21,170,66,Canada,CAN,2002 Winter,2002,Winter,Salt Lake City,Alpine Skiing,Alpine Skiing Women's Super G, 
104688,"Terence John ""Terry"" Sale",M,21,166,,New Zealand,NZL,1972 Summer,1972,Summer,Munich,Gymnastics,Gymnastics Men's Horizontal Bar, 
13490,Margret Borgs (-Mund),F,19,,,Germany,GER,1928 Summer,1928,Summer,Amsterdam,Diving,Diving Women's Platform, 
81814,Luis Alonso Morn Servelln,M,33,185,100,Honduras,HON,2004 Summer,2004,Summer,Athina,Judo,Judo Men's Heavyweight, 
134864,Zhu Yingwen,F,22,173,67,China,CHN,2004 Summer,2004,Summer,Athina,Swimming,Swimming Women's 4 x 100 metres Freestyle Relay, 
90740,Karin Sofia Paldanius,F,33,180,75,Sweden,SWE,2012 Summer,2012,Summer,London,Canoeing,"Canoeing Women's Kayak Singles, 200 metres", 
32157,Selim El-Sayed,M,,,,United Arab Republic,UAR,1960 Summer,1960,Summer,Roma,Gymnastics,Gymnastics Men's Individual All-Around, 
82907,Atif Kamal Muhammad Hussain,M,32,180,86,Guam,GUM,1992 Summer,1992,Summer,Barcelona,Judo,Judo Men's Heavyweight, 
98821,Kikkan Lewis Randall (-Ellis),F,23,165,60,United States,USA,2006 Winter,2006,Winter,Torino,Cross Country Skiing,Cross Country Skiing Women's Team Sprint, 
127826,Kirsty Margaret Wade (McDermott-),F,26,169,56,Great Britain,GBR,1988 Summer,1988,Summer,Seoul,Athletics,Athletics Women's 800 metres, 
65177,Stefan Otto Kurpas,M,29,182,82,Great Britain,GBR,1984 Summer,1984,Summer,Los Angeles,Wrestling,"Wrestling Men's Middleweight, Freestyle", 
108399,Aya Sekine,F,18,157,44,Japan,JPN,1996 Summer,1996,Summer,Atlanta,Gymnastics,Gymnastics Women's Balance Beam, 
100348,Ri Myong-Sun,F,24,163,53,North Korea,PRK,2016 Summer,2016,Summer,Rio de Janeiro,Table Tennis,Table Tennis Women's Team, 
24051,Ndia Vanda Sousa Eloy Cruz,F,17,159,50,Angola,ANG,1992 Summer,1992,Summer,Barcelona,Swimming,Swimming Women's 100 metres Breaststroke, 
20958,Choe Hyong-Gil,M,27,159,54,North Korea,PRK,2004 Summer,2004,Summer,Athina,Diving,Diving Men's Platform, 
130628,"Brenda Lilian Williams (Mander-, Hickman-)",F,65,162,53,Great Britain,GBR,1960 Summer,1960,Summer,Roma,Equestrianism,"Equestrianism Mixed Dressage, Individual", 
30414,Annette Duetz,F,23,180,74,Netherlands,NED,2016 Summer,2016,Summer,Rio de Janeiro,Sailing,Sailing Women's Skiff, 
110189,Gerardus Gijsbertus Siderius,M,22,,,Netherlands,NED,1936 Summer,1936,Summer,Berlin,Canoeing,"Canoeing Men's Kayak Doubles, 10,000 metres", 
120848,Lon Tom,M,23,180,82,Belgium,BEL,1912 Summer,1912,Summer,Stockholm,Fencing,"Fencing Men's Foil, Individual", 
8560,Batgereliin Mngntuyaa,F,19,163,51,Mongolia,MGL,2008 Summer,2008,Summer,Beijing,Athletics,Athletics Women's 400 metres, 
109431,"Michael ""Mike"" Shea",M,32,181,89,Austria,AUT,1994 Winter,1994,Winter,Lillehammer,Ice Hockey,Ice Hockey Men's Ice Hockey, 
27380,"Cynthia ""Janay"" DeLoach (-Soukup)",F,26,166,58,United States,USA,2012 Summer,2012,Summer,London,Athletics,Athletics Women's Long Jump,Bronze
34798,Charles Fernndez,M,20,181,74,Guatemala,GUA,2016 Summer,2016,Summer,Rio de Janeiro,Modern Pentathlon,Modern Pentathlon Men's Individual, 
17488,Romana Calligaris,F,27,173,62,Italy,ITA,1952 Summer,1952,Summer,Helsinki,Swimming,Swimming Women's 100 metres Freestyle, 
130118,Wi Jae-Wook,M,18,,,South Korea,KOR,1992 Winter,1992,Winter,Albertville,Cross Country Skiing,Cross Country Skiing Men's 30 kilometres, 
112865,Armand Solbach,M,24,,,France,FRA,1928 Summer,1928,Summer,Amsterdam,Gymnastics,Gymnastics Men's Pommelled Horse, 
31952, deen Ahmad Ali El-Dawlatly,F,23,162,54,Egypt,EGY,2016 Summer,2016,Summer,Rio de Janeiro,Table Tennis,Table Tennis Women's Team, 
36524,ngel Fournier Rodrguez,M,24,198,108,Cuba,CUB,2012 Summer,2012,Summer,London,Rowing,Rowing Men's Single Sculls, 
57328,Inna Vitalyevna Kapishina,F,19,170,56,Belarus,BLR,2004 Summer,2004,Summer,Athina,Swimming,Swimming Women's 100 metres Breaststroke, 
18794,Raffaello Caserta,M,23,181,76,Italy,ITA,1996 Summer,1996,Summer,Atlanta,Fencing,"Fencing Men's Sabre, Team",Bronze
100602,Elena Richter,F,23,174,67,Germany,GER,2012 Summer,2012,Summer,London,Archery,Archery Women's Individual, 
30099,Anabel Drousiotou,F,14,162,52,Cyprus,CYP,1980 Summer,1980,Summer,Moskva,Swimming,Swimming Women's 100 metres Backstroke, 
113210,Chainarong Sophonpong,M,20,166,62,Thailand,THA,1964 Summer,1964,Summer,Tokyo,Cycling,"Cycling Men's Road Race, Individual", 
21976,Robin Clegg,M,28,175,70,Canada,CAN,2006 Winter,2006,Winter,Torino,Biathlon,Biathlon Men's 10 kilometres Sprint, 
93378,Mercedes Prez Hernndez,F,22,176,76,Cuba,CUB,1972 Summer,1972,Summer,Munich,Volleyball,Volleyball Women's Volleyball, 
134482,Zhang Jingjin,M,18,165,53,China,CHN,1996 Summer,1996,Summer,Atlanta,Gymnastics,Gymnastics Men's Rings, 
27468,Luke Demetre,M,23,188,104,Canada-3,CAN,2014 Winter,2014,Winter,Sochi,Bobsleigh,Bobsleigh Men's Four, 
102448,Flix Andr Roosemont,M,27,,,Belgium,BEL,1952 Summer,1952,Summer,Helsinki,Basketball,Basketball Men's Basketball, 
97781,Qiu Jian,M,33,176,81,China,CHN,2008 Summer,2008,Summer,Beijing,Shooting,"Shooting Men's Small-Bore Rifle, Prone, 50 metres", 
101694,Pedro Afonso Rodrigues,M,21,181,72,Portugal,POR,1992 Summer,1992,Summer,Barcelona,Athletics,Athletics Men's 400 metres Hurdles, 
14798,Jarosaw Brawata,M,24,176,80,Poland,POL,1980 Summer,1980,Summer,Moskva,Judo,Judo Men's Half-Middleweight, 
122428,Khristo Tsvetanov,M,30,198,85,Bulgaria,BUL,2008 Summer,2008,Summer,Beijing,Volleyball,Volleyball Men's Volleyball, 
51099,Sarah Louise Hunter-Jones,F,25,178,73,Great Britain,GBR,1984 Summer,1984,Summer,Los Angeles,Rowing,Rowing Women's Coxed Eights, 
65153,Edi Kurniawan,M,20,166,69,Indonesia,INA,2008 Summer,2008,Summer,Beijing,Weightlifting,Weightlifting Men's Lightweight, 
40584,Sylvie Giry-Rousset,F,26,167,61,France,FRA,1992 Winter,1992,Winter,Albertville,Cross Country Skiing,Cross Country Skiing Women's 30 kilometres, 
128558,Wang Shijia,F,22,174,63,China,CHN,2016 Summer,2016,Summer,Rio de Janeiro,Swimming,Swimming Women's 4 x 200 metres Freestyle Relay, 
12142,Suzette Blanco Saiz,F,20,153,50,Cuba,CUB,1968 Summer,1968,Summer,Mexico City,Gymnastics,Gymnastics Women's Individual All-Around, 
32389,Steven Elm,M,22,185,82,Canada,CAN,1998 Winter,1998,Winter, gano,Speed Skating,"Speed Skating Men's 5,000 metres", 
48596,Sean Ronald Hill,M,21,183,92,United States,USA,1992 Winter,1992,Winter,Albertville,Ice Hockey,Ice Hockey Men's Ice Hockey, 
33106,Jos Eustaquio Luis Francisco Escandn y Barrn,M,38,,,A North American Team,MEX,1900 Summer,1900,Summer,Paris,Polo,Polo Men's Polo,Bronze
47634,Clare J. Henley-Halsted,F,24,160,57,Great Britain,GBR,1972 Summer,1972,Summer,Munich,Fencing,"Fencing Women's Foil, Team", 
90684,Boonterm Pakpuang,M,31,,,Thailand,THA,1952 Summer,1952,Summer,Helsinki,Athletics,Athletics Men's 4 x 100 metres Relay, 
115007,Anna Maria Stera-Kustucz,F,23,171,52,Poland,POL,1998 Winter,1998,Winter, gano,Biathlon,Biathlon Women's 4 x 7.5 kilometres Relay, 
20461,Martin Simon Cheracov Selvin,M,26,,,Costa Rica,CRC,1992 Winter,1992,Winter,Albertville,Alpine Skiing,Alpine Skiing Men's Giant Slalom, 
23505,Piedade Coutinho-Tavares da Silva,F,28,,,Brazil,BRA,1948 Summer,1948,Summer,London,Swimming,Swimming Women's 100 metres Freestyle, 
9199,Cornelus Lambertus Josephus Becker,M,21,,,Netherlands,NED,1908 Summer,1908,Summer,London,Gymnastics,Gymnastics Men's Individual All-Around, 
15922,Sveinn Brynjlfsson,M,22,,,Iceland,ISL,1998 Winter,1998,Winter, gano,Alpine Skiing,Alpine Skiing Men's Slalom, 
62227,Johann Koller,M,27,,,Austria,AUT,1948 Summer,1948,Summer,London,Hockey,Hockey Men's Hockey, 
102203,Ana Roman,F,18,165,59,Romania,ROU,1994 Winter,1994,Winter,Lillehammer,Biathlon,Biathlon Women's 4 x 7.5 kilometres Relay, 
72546,Ian Luxford,M,23,188,87,Australia,AUS,1976 Summer,1976,Summer,Montreal,Rowing,Rowing Men's Coxless Pairs, 
96050,Laia Pons Areas,F,19,168,57,Spain,ESP,2012 Summer,2012,Summer,London,Synchronized Swimming,Synchronized Swimming Women's Team,Bronze
77684,R. Angus McKenzie,M,24,174,63,Great Britain,GBR,1960 Summer,1960,Summer,Roma,Fencing,"Fencing Men's Foil, Team", 
69785,Liew Foh Sin,M,,,,Malaya,MAL,1956 Summer,1956,Summer,Melbourne,Shooting,Shooting Men's Trap, 
105986,Eiken Sato,M,22,164,55,Japan,JPN,2008 Summer,2008,Summer,Beijing,Equestrianism,"Equestrianism Mixed Jumping, Individual", 
133609,Stanislav Vyacheslavovich Zabrodsky,M,30,187,72,Unified Team,EUN,1992 Summer,1992,Summer,Barcelona,Archery,Archery Men's Team, 
60794,Gerg Kis,M,24,184,81,Hungary,HUN,2012 Summer,2012,Summer,London,Swimming,"Swimming Men's 1,500 metres Freestyle", 
51071,"Cottrell James ""C. J."" Hunter, III",M,27,186,149,United States,USA,1996 Summer,1996,Summer,Atlanta,Athletics,Athletics Men's Shot Put, 
107291,Siegfried Schneider,M,32,193,84,East Germany,GDR,1972 Summer,1972,Summer,Munich,Volleyball,Volleyball Men's Volleyball,Silver
99747,Sarah E. Reilly (Oxley-),F,27,165,56,Ireland,IRL,2000 Summer,2000,Summer,Sydney,Athletics,Athletics Women's 200 metres, 
112152,Vladimir Mikhaylovich Smirnov,M,27,185,85,Unified Team,EUN,1992 Winter,1992,Winter,Albertville,Cross Country Skiing,Cross Country Skiing Men's 50 kilometres, 
131650,Witold Woyda,M,25,168,63,Poland,POL,1964 Summer,1964,Summer,Tokyo,Fencing,"Fencing Men's Foil, Team",Silver
7553,Blair Cameron Bann,M,28,184,84,Canada,CAN,2016 Summer,2016,Summer,Rio de Janeiro,Volleyball,Volleyball Men's Volleyball, 
130795,Blaine Carew Wilson,M,30,163,62,United States,USA,2004 Summer,2004,Summer,Athina,Gymnastics,Gymnastics Men's Individual All-Around, 
61535,Mario Kngler,M,29,176,74,Austria,AUT,2008 Summer,2008,Summer,Beijing,Shooting,"Shooting Men's Small-Bore Rifle, Prone, 50 metres", 
80359,Konstantinos Misonginis,M,,,,"Life boat naval ship ""Spetsai""-1",GRE,1906 Summer,1906,Summer,Athina,Rowing,Rowing Men's 6-Man Naval Rowing Boats,Silver
81307,Roman Vitalyevich Monchenko,M,31,180,105,Russia,RUS,1996 Summer,1996,Summer,Atlanta,Rowing,Rowing Men's Coxed Eights,Bronze
14112,Jol Denis Bourgeois,M,29,175,58,Canada,CAN,2000 Summer,2000,Summer,Sydney,Athletics,"Athletics Men's 3,000 metres Steeplechase", 
126521,Lucas Martn Vila,M,25,172,75,Argentina,ARG,2012 Summer,2012,Summer,London,Hockey,Hockey Men's Hockey, 
59278,Evangelos Kheimonas,M,32,180,82,Greece,GRE,2012 Summer,2012,Summer,London,Sailing,Sailing Men's One Person Dinghy, 
123567,Konstantin Vyacheslavovich Ushkov,M,23,188,78,Kyrgyzstan,KGZ,2000 Summer,2000,Summer,Sydney,Swimming,Swimming Men's 100 metres Butterfly, 
69043,William Letriz,M,30,165,82,Puerto Rico,PUR,1988 Summer,1988,Summer,Seoul,Weightlifting,Weightlifting Men's Light-Heavyweight, 
48552,Albert George Hill,M,31,178,72,Great Britain,GBR,1920 Summer,1920,Summer,Antwerpen,Athletics,Athletics Men's 800 metres,Gold
78966,Katharine Merry,F,21,173,62,Great Britain,GBR,1996 Summer,1996,Summer,Atlanta,Athletics,Athletics Women's 200 metres, 
19252,Andrea Cecon,M,23,175,60,Italy,ITA,1994 Winter,1994,Winter,Lillehammer,Ski Jumping,"Ski Jumping Men's Large Hill, Team", 
94612,Maksim Pichugin,M,23,182,74,Russia,RUS,1998 Winter,1998,Winter, gano,Cross Country Skiing,Cross Country Skiing Men's 50 kilometres, 
104734,Roza Galyamovna Salikhova,F,27,174,70,Soviet Union,URS,1972 Summer,1972,Summer,Munich,Volleyball,Volleyball Women's Volleyball,Gold
127079,Daniel Vogt,M,19,179,80,Liechtenstein,LIE,1992 Winter,1992,Winter,Albertville,Alpine Skiing,Alpine Skiing Men's Combined, 
61965,Leopold Kohl,M,33,,,Austria,AUT,1964 Winter,1964,Winter,Innsbruck,Nordic Combined,Nordic Combined Men's Individual, 
106432,Giacomo Scalet,M,26,,,Italy,ITA,1936 Winter,1936,Winter,Garmisch-Partenkirchen,Cross Country Skiing,Cross Country Skiing Men's 50 kilometres, 
96203,Veronika Andreyevna Popova,F,21,182,68,Russia,RUS,2012 Summer,2012,Summer,London,Swimming,Swimming Women's 200 metres Freestyle, 
22307,Thibault Colard,M,24,187,70,France,FRA,2016 Summer,2016,Summer,Rio de Janeiro,Rowing,Rowing Men's Lightweight Coxless Fours,Bronze
83532,John Leonard Murphy,M,25,180,68,United States,USA,1920 Summer,1920,Summer,Antwerpen,Athletics,Athletics Men's High Jump, 
47153,Jzsef Hegeds,M,22,,,Hungary,HUN,1932 Summer,1932,Summer,Los Angeles,Gymnastics,Gymnastics Men's Individual All-Around, 
62425,Georg Konermann,M,24,196,92,West Germany,FRG,1984 Summer,1984,Summer,Los Angeles,Rowing,Rowing Men's Coxed Fours, 
66416, ncy Jebet Langat,F,26,153,49,Kenya,KEN,2008 Summer,2008,Summer,Beijing,Athletics,"Athletics Women's 1,500 metres",Gold
85145,Gary Malcolm Neiwand,M,25,176,86,Australia,AUS,1992 Summer,1992,Summer,Barcelona,Cycling,Cycling Men's Sprint,Silver
61645,Marthe Koala,F,18,177,69,Burkina Faso,BUR,2012 Summer,2012,Summer,London,Athletics,Athletics Women's 100 metres Hurdles, 
90677,"Athanasios ""Thanasis"" Pakhoumas",M,26,175,72,Greece,GRE,1992 Summer,1992,Summer,Barcelona,Sailing,Sailing Men's Two Person Dinghy, 
96032,Ralf Pnitzsch,M,22,186,73,East Germany,GDR,1980 Summer,1980,Summer,Moskva,Athletics,"Athletics Men's 3,000 metres Steeplechase", 
13128,Aleksey Petrovich Bondarenko,M,22,160,58,Russia,RUS,2000 Summer,2000,Summer,Sydney,Gymnastics,Gymnastics Men's Pommelled Horse, 
126684,Toomas Vilpart,M,20,190,82,Estonia,EST,1992 Summer,1992,Summer,Barcelona,Rowing,Rowing Men's Coxless Fours, 
66116,Marie-Pierre Lamarche,F,19,165,55,Canada,CAN,1988 Winter,1988,Winter,Calgary,Speed Skating,"Speed Skating Women's 1,000 metres", 
28501,Alex Walter Diggelmann,M,33,,,Switzerland,SUI,1936 Summer,1936,Summer,Berlin,Art Competitions,"Art Competitions Mixed Painting, Applied Arts", 
89105,John Thomas O'Neil,M,25,177,,United States,USA,1924 Summer,1924,Summer,Paris,Rugby,Rugby Men's Rugby,Gold
101069,Reinhard Ritter,M,27,163,55,West Germany,FRG,1976 Summer,1976,Summer,Montreal,Gymnastics,Gymnastics Men's Rings, 
21404,Serhiy Oleksiyovych Chukhrai,M,25,184,84,Soviet Union,URS,1980 Summer,1980,Summer,Moskva,Canoeing,"Canoeing Men's Kayak Doubles, 500 metres",Gold
64680,"Jean ""Jey"" Kugeler",M,38,,,Luxembourg,LUX,1948 Summer,1948,Summer,London,Gymnastics,Gymnastics Men's Rings, 
95482,Pavel Ploc,M,23,175,62,Czechoslovakia,TCH,1988 Winter,1988,Winter,Calgary,Ski Jumping,"Ski Jumping Men's Large Hill, Team", 
60221,Kim Seong-Eun,M,21,177,72,South Korea,KOR,1988 Summer,1988,Summer,Seoul,Water Polo,Water Polo Men's Water Polo, 
30954,Talant Mushanbetovich Duyshebayev,M,36,183,93,Spain,ESP,2004 Summer,2004,Summer,Athina,Handball,Handball Men's Handball, 
53221,Uwe Jacobsen,M,24,182,79,Germany,GER,1964 Summer,1964,Summer,Tokyo,Swimming,Swimming Men's 100 metres Freestyle, 
131489,Oenone Wood,F,27,158,55,Australia,AUS,2008 Summer,2008,Summer,Beijing,Cycling,Cycling Women's Individual Time Trial, 
109248,Olena Mykolaivna Shaparna,F,17,159,42,Ukraine,UKR,1996 Summer,1996,Summer,Atlanta,Gymnastics,Gymnastics Women's Horse Vault, 
53314,Liv Jagge-Christiansen,F,20,,,Norway,NOR,1964 Winter,1964,Winter,Innsbruck,Alpine Skiing,Alpine Skiing Women's Downhill, 
107539,Jrgen Schrder,M,24,191,94,Germany,GER,1964 Summer,1964,Summer,Tokyo,Rowing,Rowing Men's Coxed Eights,Silver
130236,Samuel McFarlane Wieland,M,23,175,64,Australia,AUS,2000 Summer,2000,Summer,Sydney,Shooting,"Shooting Men's Small-Bore Rifle, Three Positions, 50 metres", 
122970,Halina Tyryk,F,20,158,46,Ukraine,UKR,2000 Summer,2000,Summer,Sydney,Gymnastics,Gymnastics Women's Team All-Around, 
80866,Nils Arne Torgny Mogren,M,20,174,69,Sweden,SWE,1984 Winter,1984,Winter,Sarajevo,Cross Country Skiing,Cross Country Skiing Men's 15 kilometres, 
96877,Kerstin Marie-Luise Preler,F,30,160,50,Germany,GER,1992 Summer,1992,Summer,Barcelona,Athletics,"Athletics Women's 10,000 metres", 
28322,Alfredo Dibona,M,23,,,Italy,ITA,1960 Winter,1960,Winter,Squaw Valley,Cross Country Skiing,Cross Country Skiing Men's 50 kilometres, 
125659,Tamara Vega Arroyos,F,19,159,59,Mexico,MEX,2012 Summer,2012,Summer,London,Modern Pentathlon,Modern Pentathlon Women's Individual, 
107440,Leon Monroe Schoonmaker,M,38,174,,United States,USA,1920 Summer,1920,Summer,Antwerpen,Fencing,"Fencing Men's epee, Individual", 
107497,Ulrich Rainer Schreck,M,30,188,80,Germany,GER,1992 Summer,1992,Summer,Barcelona,Fencing,"Fencing Men's Foil, Individual", 
99175,Emil A. Rausch,M,21,,,Germany,GER,1904 Summer,1904,Summer,St. Louis,Swimming,Swimming Men's 220 yard Freestyle,Bronze
9445,Mahmoud Beiglou,M,,,,Iran,IRI,1956 Winter,1956,Winter,Cortina d'Ampezzo,Alpine Skiing,Alpine Skiing Men's Slalom, 
131652,Caroline Wozniacki,F,22,179,58,Denmark,DEN,2012 Summer,2012,Summer,London,Tennis,Tennis Women's Singles, 
129732,Fernand Wery,M,,,,Belgium,BEL,1936 Summer,1936,Summer,Berlin,Art Competitions,"Art Competitions Mixed Painting, Unknown Event", 
36301,Dag Fornss,M,23,178,64,Norway,NOR,1972 Winter,1972,Winter,Sapporo,Speed Skating,"Speed Skating Men's 1,500 metres", 
29789,"Elissa Rebecca Louis ""Ellie"" Downie",F,17,162,60,Great Britain,GBR,2016 Summer,2016,Summer,Rio de Janeiro,Gymnastics,Gymnastics Women's Individual All-Around, 
111914,Tom Slavk,M,28,179,68,Czech Republic,CZE,2010 Winter,2010,Winter,Vancouver,Nordic Combined,Nordic Combined Men's Team, 
103836,Maciej Rychta,M,21,172,71,Poland-3,POL,1972 Summer,1972,Summer,Munich,Canoeing,"Canoeing Men's Canadian Doubles, Slalom", 
122217,Aleksandr Petrovich Tsarevich,M,21,175,65,Belarus,BLR,2008 Summer,2008,Summer,Beijing,Gymnastics,Gymnastics Men's Parallel Bars, 
128668,Lutz Wanja,M,16,183,73,East Germany,GDR,1972 Summer,1972,Summer,Munich,Swimming,Swimming Men's 200 metres Backstroke, 
14188,Didier Bouvet,M,22,177,72,France,FRA,1984 Winter,1984,Winter,Sarajevo,Alpine Skiing,Alpine Skiing Men's Giant Slalom, 
7399,Marcel Balthasar,M,33,187,,Luxembourg,LUX,1972 Summer,1972,Summer,Munich,Archery,Archery Men's Individual, 
91684,Robert Irving Parkes,M,21,,,Canada,CAN,1908 Summer,1908,Summer,London,Athletics,Athletics Men's 800 metres, 
92998,Ivan Penev,M,26,173,70,Bulgaria,BUL,1976 Winter,1976,Winter,Innsbruck,Alpine Skiing,Alpine Skiing Men's Giant Slalom, 
77062,Robert Emil Maysack,M,31,178,,United States,USA,1904 Summer,1904,Summer,St. Louis,Gymnastics,Gymnastics Men's Individual All-Around, 
42903,Anca Grigora (-Mihilescu),F,18,167,54,Romania,ROU,1976 Summer,1976,Summer,Montreal,Gymnastics,Gymnastics Women's Floor Exercise, 
124860,Willem Johannes van Rhijn,M,29,175,,Netherlands,NED,1932 Summer,1932,Summer,Los Angeles,Modern Pentathlon,Modern Pentathlon Men's Individual, 
129015,Arthur Greville Watts,M,,,,Great Britain,GBR,1928 Summer,1928,Summer,Amsterdam,Swimming,Swimming Men's 400 metres Freestyle, 
34519,Fritz Karl Feldmann,M,20,,,Switzerland,SUI,1936 Summer,1936,Summer,Berlin,Rowing,Rowing Men's Coxed Eights, 
54371,"Josua Frederik Isaias Ananias ""Freddy"" Jensen",M,22,,,Denmark,DEN,1948 Summer,1948,Summer,London,Gymnastics,Gymnastics Men's Rings, 
4354,Alfredo Angulo Lpez,M,21,178,75,Mexico,MEX,2004 Summer,2004,Summer,Athina,Boxing,Boxing Men's Middleweight, 
119214,Jaanus Teppan,M,29,180,71,Estonia,EST,1992 Winter,1992,Winter,Albertville,Cross Country Skiing,Cross Country Skiing Men's 30 kilometres, 
44881,Zdenk Hk,M,25,181,71,Czechoslovakia,TCH,1984 Winter,1984,Winter,Sarajevo,Biathlon,Biathlon Men's 10 kilometres Sprint, 
23227,Manuel Cortina Martnez,M,25,187,90,Mexico,MEX,2008 Summer,2008,Summer,Beijing,Canoeing,"Canoeing Men's Kayak Singles, 500 metres", 
87968,Mikio Oda,M,23,167,65,Japan,JPN,1928 Summer,1928,Summer,Amsterdam,Athletics,Athletics Men's Triple Jump,Gold
83872,Per Andr Myhrer,M,27,189,93,Sweden,SWE,2010 Winter,2010,Winter,Vancouver,Alpine Skiing,Alpine Skiing Men's Slalom,Bronze
102343,Yoel Romero Palacios,M,27,175,84,Cuba,CUB,2004 Summer,2004,Summer,Athina,Wrestling,"Wrestling Men's Light-Heavyweight, Freestyle", 
2337,Bruno Alberti,M,29,174,75,Italy,ITA,1964 Winter,1964,Winter,Innsbruck,Alpine Skiing,Alpine Skiing Men's Downhill, 
112417,Tom P. Smith,M,,,,Ireland,IRL,1948 Summer,1948,Summer,London,Fencing,"Fencing Men's Foil, Individual", 
38683,Ral Garca Mndez,M,28,180,90,Mexico,MEX,1972 Summer,1972,Summer,Munich,Wrestling,"Wrestling Men's Light-Heavyweight, Freestyle", 
30377,Istvn Duds,M,20,175,95,Hungary,HUN,1992 Summer,1992,Summer,Barcelona,Weightlifting,Weightlifting Men's Middle-Heavyweight, 
70361,"Liselott Linsenhoff (Schindling-, -Rheinberger)",F,28,178,65,Germany,GER,1956 Summer,1956,Summer,Stockholm,Equestrianism,"Equestrianism Mixed Dressage, Individual",Bronze
15953,Milan Brz,M,24,182,75,Czech Republic-2,CZE,1994 Winter,1994,Winter,Lillehammer,Figure Skating,Figure Skating Mixed Ice Dancing, 
127229,Oleh Volodymyrov,M,28,,,Ukraine,UKR,1996 Summer,1996,Summer,Atlanta,Water Polo,Water Polo Men's Water Polo, 
56508,Yevgeniya Nikolayevna Kabina-Sidorova,F,29,164,65,Soviet Union,URS,1960 Winter,1960,Winter,Squaw Valley,Alpine Skiing,Alpine Skiing Women's Giant Slalom, 
10658,"Antonio ""Toni"" Bernad Planas",M,37,175,65,Andorra,AND,2004 Summer,2004,Summer,Athina,Athletics,Athletics Men's Marathon, 
22073,"Inmaculada ""Inma"" Clops Gasull",F,28,170,60,Spain,ESP,1996 Summer,1996,Summer,Atlanta,Athletics,Athletics Women's Heptathlon, 
122397,Sharon Tsukamoto (-Rutledge),F,19,152,47,Canada,CAN,1972 Summer,1972,Summer,Munich,Gymnastics,Gymnastics Women's Uneven Bars, 
63596,Anna A. Kozlova,F,19,177,62,Unified Team,EUN,1992 Summer,1992,Summer,Barcelona,Synchronized Swimming,Synchronized Swimming Women's Solo, 
37627,Kazuyoshi Funaki,M,26,175,62,Japan,JPN,2002 Winter,2002,Winter,Salt Lake City,Ski Jumping,"Ski Jumping Men's Large Hill, Individual", 
67825,Lee Chung-Hui,M,23,190,85,South Korea,KOR,2004 Summer,2004,Summer,Athina,Swimming,Swimming Men's 50 metres Freestyle, 
14725,"Velichko ""Velko"" Bratanov",M,26,170,68,Bulgaria,BUL,1976 Summer,1976,Summer,Montreal,Modern Pentathlon,Modern Pentathlon Men's Individual, 
119638,Jacques Thibault,M,25,,,Canada,CAN,1984 Winter,1984,Winter,Sarajevo,Speed Skating,Speed Skating Men's 500 metres, 
124336,Pieter Cornelis Martijn van den Hoogenband,M,22,193,80,Netherlands,NED,2000 Summer,2000,Summer,Sydney,Swimming,Swimming Men's 4 x 100 metres Medley Relay, 
44940,Aurlie Halbwachs,F,25,167,62,Mauritius,MRI,2012 Summer,2012,Summer,London,Cycling,"Cycling Women's Road Race, Individual", 
82685,Armand Mouyal,M,34,188,76,France,FRA,1960 Summer,1960,Summer,Roma,Fencing,"Fencing Men's epee, Team", 
83974,Charles Assis Naban,M,29,183,,Brazil,BRA,1936 Summer,1936,Summer,Berlin,Athletics,Athletics Men's Hammer Throw, 
50119,Bedich Hoek,M,24,174,63,Czechoslovakia,TCH,1936 Summer,1936,Summer,Berlin,Athletics,"Athletics Men's 3,000 metres Steeplechase", 
82465,Lus Javier Mosquera Lozano,M,21,165,64,Colombia,COL,2016 Summer,2016,Summer,Rio de Janeiro,Weightlifting,Weightlifting Men's Lightweight,Bronze
116684,Miroslav ustera,M,30,,,Bohemia,BOH,1908 Summer,1908,Summer,London,Athletics,"Athletics Men's Discus Throw, Greek Style", 
38057,Flix Domingo Galimi Gherardi,M,27,180,90,Argentina,ARG,1948 Summer,1948,Summer,London,Fencing,"Fencing Men's Foil, Individual", 
123372,Paiboon Unyapo,M,20,162,58,Thailand,THA,1968 Summer,1968,Summer,Mexico City,Football,Football Men's Football, 
48563,Darryn William Hill,M,26,174,88,Australia,AUS,2000 Summer,2000,Summer,Sydney,Cycling,Cycling Men's Team Sprint,Bronze
104511, oya Sakamoto,M,24,178,77,Japan,JPN,2012 Summer,2012,Summer,London,Canoeing,"Canoeing Men's Canadian Singles, 200 metres", 
29455,Marek Franciszek Dopieraa,M,19,181,75,Poland,POL,1980 Summer,1980,Summer,Moskva,Canoeing,"Canoeing Men's Canadian Doubles, 1,000 metres", 
52575,"Jennifer J. Fetter ""JJ"" Isler",F,28,174,61,United States,USA,1992 Summer,1992,Summer,Barcelona,Sailing,Sailing Women's Two Person Dinghy,Bronze
45480,Han Seung-Hun,M,19,171,62,South Korea,KOR,1992 Summer,1992,Summer,Barcelona,Archery,Archery Men's Individual, 
40786,Ina Gliznua,F,27,186,70,Moldova,MDA,2000 Summer,2000,Summer,Sydney,Athletics,Athletics Women's High Jump, 
63271,Roman Koudelka,M,20,170,56,Czech Republic,CZE,2010 Winter,2010,Winter,Vancouver,Ski Jumping,"Ski Jumping Men's Large Hill, Team", 
1234,Alessandra Aguilar Morn,F,30,165,50,Spain,ESP,2008 Summer,2008,Summer,Beijing,Athletics,Athletics Women's Marathon, 
82307,Rebel Morrow,F,27,172,63,Australia,AUS,2004 Summer,2004,Summer,Athina,Equestrianism,"Equestrianism Mixed Three-Day Event, Team", 
45568,Fiona Hanes-Crawford,F,23,158,56,Australia,AUS,2000 Summer,2000,Summer,Sydney,Softball,Softball Women's Softball,Bronze
39404,Georg Hermann Gelbke,M,49,,,Germany,GER,1932 Summer,1932,Summer,Los Angeles,Art Competitions,"Art Competitions Mixed Painting, Unknown Event", 
65984,Olli Eino Laiho,M,21,175,69.5,Finland,FIN,1964 Summer,1964,Summer,Tokyo,Gymnastics,Gymnastics Men's Horizontal Bar, 
70131,Ann Christina Linder (-Christiansen),F,18,174,56,Sweden,SWE,1984 Summer,1984,Summer,Los Angeles,Swimming,Swimming Women's 400 metres Freestyle, 
35317,Aleksey Vladimirovich Filipets,M,25,178,71,Russia,RUS,2004 Summer,2004,Summer,Athina,Swimming,"Swimming Men's 1,500 metres Freestyle", 
107761,Brittany Anne Schussler,F,28,170,63,Canada,CAN,2014 Winter,2014,Winter,Sochi,Speed Skating,"Speed Skating Women's 1,500 metres", 
1288,Juan Luis Aguirre Barco,M,21,,,Spain,ESP,1992 Summer,1992,Summer,Barcelona,Rowing,Rowing Men's Coxless Fours, 
21990,Kerron Stephon Clement,M,22,188,86,United States,USA,2008 Summer,2008,Summer,Beijing,Athletics,Athletics Men's 4 x 400 metres Relay,Gold
73260,Lars Jrgen Madsen,M,48,,,Denmark,DEN,1920 Summer,1920,Summer,Antwerpen,Shooting,"Shooting Men's Military Rifle, Standing, 300 metres",Silver
109551,Shen Weiwei,F,24,182,70,China,CHN,2004 Summer,2004,Summer,Athina,Fencing,"Fencing Women's epee, Team", 
120462,Sven Tippelt,M,27,156,52,Germany,GER,1992 Summer,1992,Summer,Barcelona,Gymnastics,Gymnastics Men's Team All-Around, 
100633,Malle Danica Ricker,F,27,169,63,Canada,CAN,2006 Winter,2006,Winter,Torino,Snowboarding,Snowboarding Women's Halfpipe, 
11489,Ahmet Bilek,M,,160,,Turkey,TUR,1960 Summer,1960,Summer,Roma,Wrestling,"Wrestling Men's Flyweight, Freestyle",Gold
48850,David Gordon Hislop,M,25,178,72,Australia,AUS,1984 Winter,1984,Winter,Sarajevo,Cross Country Skiing,Cross Country Skiing Men's 50 kilometres, 
23670,Shelley Katherine Cramer (-Persinger),F,22,162,54,United States Virgin Islands,ISV,1984 Summer,1984,Summer,Los Angeles,Swimming,Swimming Women's 200 metres Butterfly, 
33052,Sara Errani,F,25,164,58,Italy-2,ITA,2012 Summer,2012,Summer,London,Tennis,Tennis Mixed Doubles, 
120724,Franco Tognini,M,28,167,,Italy,ITA,1936 Summer,1936,Summer,Berlin,Gymnastics,Gymnastics Men's Horse Vault, 
42999,"Judith Brenda Grinham (-Rowley, -Roe)",F,17,,,Great Britain,GBR,1956 Summer,1956,Summer,Melbourne,Swimming,Swimming Women's 100 metres Backstroke,Gold
59771,Kim Bong-Hyeon,M,21,,,South Korea,KOR,1996 Summer,1996,Summer,Atlanta,Gymnastics,Gymnastics Men's Horse Vault, 
66613,Odette Lapierre,F,33,162,50,Canada,CAN,1988 Summer,1988,Summer,Seoul,Athletics,Athletics Women's Marathon, 
7365,Zoltan Balogh,M,21,,,Romania,ROU,1952 Summer,1952,Summer,Helsinki,Gymnastics,Gymnastics Men's Floor Exercise, 
134521,Zhang Na,F,24,180,72,China,CHN,2004 Summer,2004,Summer,Athina,Volleyball,Volleyball Women's Volleyball,Gold
85585,"Patrick ""Pat"" Newman",M,25,170,55,Canada,CAN,1988 Summer,1988,Summer,Seoul,Rowing,Rowing Men's Coxed Pairs, 
98827,William Albert Randall,M,,,68,Great Britain,GBR,1924 Summer,1924,Summer,Paris,Weightlifting,Weightlifting Men's Lightweight, 
31819,John Ekels,M,31,188,98,Canada,CAN,1972 Summer,1972,Summer,Munich,Sailing,Sailing Mixed Three Person Keelboat,Bronze
117520,Ilona Szikora-Jzs,F,34,,,Hungary,HUN,1952 Summer,1952,Summer,Helsinki,Athletics,Athletics Women's Discus Throw, 
78030,Khaled Meddah,M,22,180,90,Algeria,ALG,2000 Summer,2000,Summer,Sydney,Judo,Judo Men's Middleweight, 
88758,Keith Anthony Oliver,M,32,172,68,Great Britain,GBR,1980 Winter,1980,Winter,Lake Placid,Biathlon,Biathlon Men's 20 kilometres, 
20757,Andr Chilo,M,21,170,70,France,FRA,1920 Summer,1920,Summer,Antwerpen,Rugby,Rugby Men's Rugby,Silver
133636,Teodor Zaczyk,M,36,168,69,Poland,POL,1936 Summer,1936,Summer,Berlin,Fencing,"Fencing Men's Sabre, Team", 
22859, talie Louise Cook,F,25,181,73,Australia-1,AUS,2000 Summer,2000,Summer,Sydney,Beach Volleyball,Beach Volleyball Women's Beach Volleyball,Gold
44287,Snorri Steinn Gujnsson,M,26,187,86,Iceland,ISL,2008 Summer,2008,Summer,Beijing,Handball,Handball Men's Handball,Silver
117685,Ji Tabk,M,24,170,56,Czechoslovakia,TCH,1980 Summer,1980,Summer,Moskva,Gymnastics,Gymnastics Men's Pommelled Horse, 
107852,Alois Schwarz,M,26,,,Austria,AUT,1992 Winter,1992,Winter,Albertville,Cross Country Skiing,Cross Country Skiing Men's 30 kilometres, 
21323,Berit stergaard Christoffersen,F,23,,,Denmark,DEN,1996 Summer,1996,Summer,Atlanta,Rowing,Rowing Women's Lightweight Double Sculls, 
107838,Ildik Schwarczenberger-Tordasi (-Kovcs),F,28,161,60,Hungary,HUN,1980 Summer,1980,Summer,Moskva,Fencing,"Fencing Women's Foil, Team",Bronze
110052,Zhanna Viktorovna Shubyonok (Dolgachyova-),F,29,172,60,Belarus,BLR,2000 Summer,2000,Summer,Sydney,Modern Pentathlon,Modern Pentathlon Women's Individual, 
22033,"Melanie Jayne ""Mel"" Clewlow",F,32,171,74,Great Britain,GBR,2008 Summer,2008,Summer,Beijing,Hockey,Hockey Women's Hockey, 
27801,Robert Y. Desjarlais,M,40,,,Canada,CAN,1948 Summer,1948,Summer,London,Fencing,"Fencing Men's Foil, Team", 
120186,Sigrur Bjrk orlksdttir (-Baxter),F,20,169,60,Iceland,ISL,1998 Winter,1998,Winter, gano,Alpine Skiing,Alpine Skiing Women's Slalom, 
48820,Steve Hirschi,M,24,179,85,Switzerland,SUI,2006 Winter,2006,Winter,Torino,Ice Hockey,Ice Hockey Men's Ice Hockey, 
98589,Rita Ramanauskait,F,26,175,73,Lithuania,LTU,1996 Summer,1996,Summer,Atlanta,Athletics,Athletics Women's Javelin Throw, 
68623,Angelos Lembesi,M,34,,,Greece,GRE,1952 Winter,1952,Winter,Oslo,Alpine Skiing,Alpine Skiing Men's Slalom, 
71744,"John Clay Lovell, III",M,40,170,77,United States,USA,2008 Summer,2008,Summer,Beijing,Sailing,Sailing Mixed Multihull, 
114435,Owen Peter C. Starling,M,35,168,56,Great Britain,GBR,1960 Summer,1960,Summer,Roma,Gymnastics,Gymnastics Men's Pommelled Horse, 
100141,Michael Reusch,M,22,,,Switzerland,SUI,1936 Summer,1936,Summer,Berlin,Gymnastics,Gymnastics Men's Horizontal Bar, 
133098,Daniela Lyubenova Yordanova,F,24,168,50,Bulgaria,BUL,2000 Summer,2000,Summer,Sydney,Athletics,"Athletics Women's 5,000 metres", 
108051,"Edward Joseph ""Ed"" Scrobe",M,29,,,United States,USA,1952 Summer,1952,Summer,Helsinki,Gymnastics,Gymnastics Men's Horizontal Bar, 
3472,Simon Ammann,M,20,171,55,Switzerland,SUI,2002 Winter,2002,Winter,Salt Lake City,Ski Jumping,"Ski Jumping Men's Large Hill, Individual",Gold
131007,Volker Winkler,M,23,184,75,East Germany,GDR,1980 Summer,1980,Summer,Moskva,Cycling,"Cycling Men's Team Pursuit, 4,000 metres",Silver
94964,"Antonio Telsforo ""Tony"" Pieda",M,24,158,52,Mexico,MEX,1988 Summer,1988,Summer,Seoul,Gymnastics,Gymnastics Men's Rings, 
124386,Robert Adriaan van der Horst,M,23,179,74,Netherlands,NED,2008 Summer,2008,Summer,Beijing,Hockey,Hockey Men's Hockey, 
104047,Ivan abjan,M,34,180,84,Croatia,CRO,1996 Summer,1996,Summer,Atlanta,Canoeing,"Canoeing Men's Canadian Singles, 1,000 metres", 
106443,Giulio Scandella,M,22,186,88,Italy,ITA,2006 Winter,2006,Winter,Torino,Ice Hockey,Ice Hockey Men's Ice Hockey, 
8541,"Stephen James ""Steve"" Batchelor",M,27,180,79,Great Britain,GBR,1988 Summer,1988,Summer,Seoul,Hockey,Hockey Men's Hockey,Gold
46722,Raymond Havemeyer,M,20,,,United States,USA,1904 Summer,1904,Summer,St. Louis,Golf,Golf Men's Individual, 
4145,"Janice ""Jan"" Andrew (-Thornett)",F,16,162,54,Australia,AUS,1960 Summer,1960,Summer,Roma,Swimming,Swimming Women's 4 x 100 metres Medley Relay,Silver
2614,Ernesto Alfaro Bermdez,M,34,165,68,Colombia,COL,1980 Summer,1980,Summer,Moskva,Athletics,Athletics Men's 20 kilometres Walk, 
131996,Xia Lina,F,26,160,60,China,CHN,2014 Winter,2014,Winter,Sochi,Alpine Skiing,Alpine Skiing Women's Giant Slalom, 
75222,Marsel Markulin,M,23,168,65,Yugoslavia,YUG,1960 Summer,1960,Summer,Roma,Gymnastics,Gymnastics Men's Floor Exercise, 
68102,Lee Sang-Hun,M,26,169,54,South Korea,KOR,1964 Summer,1964,Summer,Tokyo,Athletics,Athletics Men's Marathon, 
131205,Sigrun Wodars-Grau (Ludwigs-),F,22,166,54,East Germany,GDR,1988 Summer,1988,Summer,Seoul,Athletics,Athletics Women's 800 metres,Gold
48861,Rudi Hiti,M,25,177,78,Yugoslavia,YUG,1972 Winter,1972,Winter,Sapporo,Ice Hockey,Ice Hockey Men's Ice Hockey, 
29923,Krasimir Drandarov,M,25,169,82,Bulgaria,BUL,1980 Summer,1980,Summer,Moskva,Weightlifting,Weightlifting Men's Light-Heavyweight, 
2379,Brigitte Albrecht-Loretan,F,27,175,64,Switzerland,SUI,1998 Winter,1998,Winter, gano,Cross Country Skiing,Cross Country Skiing Women's 4 x 5 kilometres Relay, 
100533,Heather Lynn Richardson (-Bergsma),F,20,178,70,United States,USA,2010 Winter,2010,Winter,Vancouver,Speed Skating,Speed Skating Women's 500 metres, 
72242,Dimitar Lunchev,M,23,168,67,Bulgaria,BUL,2000 Summer,2000,Summer,Sydney,Gymnastics,Gymnastics Men's Floor Exercise, 
68481,Stanley Leigh,M,22,,,Great Britain,GBR,1924 Summer,1924,Summer,Paris,Gymnastics,Gymnastics Men's Pommelled Horse, 
97329,Jzef Ignacy Przybya,M,18,170,67,Poland,POL,1964 Winter,1964,Winter,Innsbruck,Ski Jumping,"Ski Jumping Men's Normal Hill, Individual", 
20100,Emmanuel Chedal,M,27,183,60,France,FRA,2010 Winter,2010,Winter,Vancouver,Ski Jumping,"Ski Jumping Men's Large Hill, Team", 
44288,Birgir Gulaugsson,M,22,,,Iceland,ISL,1964 Winter,1964,Winter,Innsbruck,Cross Country Skiing,Cross Country Skiing Men's 15 kilometres, 
28575,Stylianos Dimitriou,M,,177,,Greece,GRE,1908 Summer,1908,Summer,London,Athletics,Athletics Men's 800 metres, 
44555,Stanisaw Marian Hachorek,M,33,171,69,Poland,POL,1960 Summer,1960,Summer,Roma,Football,Football Men's Football, 
31004,iva Dvorak,F,21,168,70,Slovenia,SLO,2012 Summer,2012,Summer,London,Shooting,"Shooting Women's Small-Bore Rifle, Three Positions, 50 metres", 
129166,Wolfgang Webner,M,35,190,89,East Germany,GDR,1972 Summer,1972,Summer,Munich,Volleyball,Volleyball Men's Volleyball,Silver
18255,Gustaf Eric Carlberg,M,28,175,,Sweden,SWE,1908 Summer,1908,Summer,London,Shooting,"Shooting Men's Small-Bore Rifle, Disappearing Target, 25 yards", 
134886,Nikolay Yuryevich Zhukovets,M,21,180,73,Belarus,BLR,2008 Summer,2008,Summer,Beijing,Sailing,Sailing Men's Windsurfer, 
30888,Rebecca Ann Dussault (Quinn-),F,25,165,55,United States,USA,2006 Winter,2006,Winter,Torino,Cross Country Skiing,Cross Country Skiing Women's 30 kilometres, 
119133,Marcus Temke,M,30,187,87,Brazil,BRA,1992 Summer,1992,Summer,Barcelona,Sailing,Sailing Mixed Two Person Heavyweight Dinghy, 
59380,Svetlana Vasilyevna Khorkina,F,17,165,47,Russia,RUS,1996 Summer,1996,Summer,Atlanta,Gymnastics,Gymnastics Women's Uneven Bars,Gold
63252,Djtenan Kouadio,M,28,,,Cote d'Ivoire,CIV,1988 Summer,1988,Summer,Seoul,Athletics,Athletics Men's 4 x 400 metres Relay, 
135217,Hans Zollner,M,26,,,Austria,AUT,1956 Winter,1956,Winter,Cortina d'Ampezzo,Ice Hockey,Ice Hockey Men's Ice Hockey, 
1507,Markku Erkki Airio,M,24,188,96.5,Finland,FIN,1976 Summer,1976,Summer,Montreal,Judo,Judo Men's Open Class, 
99528,Annika Louise Reeder,F,20,157,51,Great Britain,GBR,2000 Summer,2000,Summer,Sydney,Gymnastics,Gymnastics Women's Floor Exercise, 
78742,Vadim Menkov,M,21,186,86,Uzbekistan,UZB,2008 Summer,2008,Summer,Beijing,Canoeing,"Canoeing Men's Canadian Singles, 500 metres", 
81572,Anne Katherine Montminy (-Goldman),F,17,165,49,Canada,CAN,1992 Summer,1992,Summer,Barcelona,Diving,Diving Women's Platform, 
16927,Leon Edward Butler,M,31,183,75,United States,USA,1924 Summer,1924,Summer,Paris,Rowing,Rowing Men's Coxed Pairs,Bronze
130218,Frank Wiegand,M,25,180,70,East Germany,GDR,1968 Summer,1968,Summer,Mexico City,Swimming,Swimming Men's 4 x 200 metres Freestyle Relay, 
80736,Lars-Erik Moberg,M,26,185,88,Sweden,SWE,1984 Summer,1984,Summer,Los Angeles,Canoeing,"Canoeing Men's Kayak Singles, 500 metres",Silver
88232,Turlough O'Hare,M,19,187,82,Canada,CAN,1988 Summer,1988,Summer,Seoul,Swimming,Swimming Men's 400 metres Freestyle, 
82819,Gideon Buthana Mthembu,M,24,,,Swaziland,SWZ,1988 Summer,1988,Summer,Seoul,Athletics,Athletics Men's Marathon, 
128004,Peter Wakefield,M,26,163,47,Australia,AUS,2004 Summer,2004,Summer,Athina,Boxing,Boxing Men's Light-Flyweight, 
55569,Barnab Jolicoeur,M,29,170,70,Mauritius,MRI,1996 Summer,1996,Summer,Atlanta,Athletics,Athletics Men's 100 metres, 
112937,Petrissa Solja,F,22,168,67,Germany,GER,2016 Summer,2016,Summer,Rio de Janeiro,Table Tennis,Table Tennis Women's Team,Silver
63073,Georgi Kostadinov,M,22,165,51,Bulgaria,BUL,1972 Summer,1972,Summer,Munich,Boxing,Boxing Men's Flyweight,Gold
39414,Gottfried Karl Felix Gelfort,M,27,,,Berliner Ruderclub Sport-Borussia-1,GER,1912 Summer,1912,Summer,Stockholm,Rowing,Rowing Men's Coxed Eights, 
8300,Lee Marion Bartlett,M,29,183,75,United States,USA,1936 Summer,1936,Summer,Berlin,Athletics,Athletics Men's Javelin Throw, 
41059,Goh Tai Yong,M,24,165,75,Malaysia,MAS,1964 Summer,1964,Summer,Tokyo,Shooting,Shooting Men's Trap, 
5082,Yury Aristov,M,22,187,77,Uzbekistan,UZB,1996 Summer,1996,Summer,Atlanta,Athletics,Athletics Men's 110 metres Hurdles, 
98222,Dumitru Rducanu,M,25,165,55,Romania,ROU,1992 Summer,1992,Summer,Barcelona,Rowing,Rowing Men's Coxed Pairs,Bronze
25774,Dominique Margaux Dawes (-Thompson),F,19,158,54,United States,USA,1996 Summer,1996,Summer,Atlanta,Gymnastics,Gymnastics Women's Floor Exercise,Bronze
49422,Martin Hllwarth,M,17,182,65,Austria,AUT,1992 Winter,1992,Winter,Albertville,Ski Jumping,"Ski Jumping Men's Normal Hill, Individual",Silver
44438,Nils Weide Haagensen,M,41,170,67,Denmark,DEN,1996 Summer,1996,Summer,Atlanta,Equestrianism,"Equestrianism Mixed Three-Day Event, Individual", 
108070,Matthias Seack,M,22,193,83,West Germany,FRG,1984 Summer,1984,Summer,Los Angeles,Canoeing,"Canoeing Men's Kayak Doubles, 500 metres", 
99762,Egbert Maximilian Johannes Karl Reimsfeld,M,22,,,Berliner Ruderclub Sport-Borussia-1,GER,1912 Summer,1912,Summer,Stockholm,Rowing,Rowing Men's Coxed Eights, 
96690,Paola Alessandra Pozzoni,F,18,163,54,Italy,ITA,1984 Winter,1984,Winter,Sarajevo,Cross Country Skiing,Cross Country Skiing Women's 4 x 5 kilometres Relay, 
12688,Willem Cornelis Boeschoten,M,23,189,82,Netherlands,NED,1976 Summer,1976,Summer,Montreal,Rowing,Rowing Men's Coxless Pairs, 
20591,Samantha Cheverton,F,23,160,48,Canada,CAN,2012 Summer,2012,Summer,London,Swimming,Swimming Women's 200 metres Freestyle, 
110724,Cale Simmons,M,25,183,66,United States,USA,2016 Summer,2016,Summer,Rio de Janeiro,Athletics,Athletics Men's Pole Vault, 
84293,Hisaaki Nakamine,M,36,170,68,Japan,JPN,1998 Winter,1998,Winter, gano,Curling,Curling Men's Curling, 
55152,Karl Bengt Johansson,M,26,,,Sweden,SWE,1952 Summer,1952,Summer,Helsinki,Wrestling,"Wrestling Men's Flyweight, Greco-Roman", 
78652,Luciana Mendoza,F,26,170,68,Argentina,ARG,2016 Summer,2016,Summer,Rio de Janeiro,Handball,Handball Women's Handball, 
72017,Vittorio Lucchetti,M,29,,,Italy,ITA,1924 Summer,1924,Summer,Paris,Gymnastics,Gymnastics Men's Rope Climbing, 
58379,Ernest James Keeley,M,21,,,South Africa,RSA,1912 Summer,1912,Summer,Stockholm,Shooting,"Shooting Men's Free Rifle, Three Positions, 300 metres, Team", 
119822,Mark Peter Thomas,M,25,184,109,Great Britain,GBR,1988 Summer,1988,Summer,Seoul,Weightlifting,Weightlifting Men's Heavyweight II, 
85540,George Wilfred Nevinson,M,25,174,,Great Britain,GBR,1908 Summer,1908,Summer,London,Water Polo,Water Polo Men's Water Polo,Gold
98915,Milos Raonic,M,21,196,90,Canada,CAN,2012 Summer,2012,Summer,London,Tennis,Tennis Men's Singles, 
58346,Kstutis Keblys,M,28,201,98,Lithuania,LTU,2004 Summer,2004,Summer,Athina,Rowing,Rowing Men's Double Sculls, 
128490,Wang Jingzhi,M,29,196,90,China,CHN,2012 Summer,2012,Summer,London,Fencing,"Fencing Men's Sabre, Team", 
126240,"Jessica Ann ""Jessie"" Vetter",F,24,173,70,United States,USA,2010 Winter,2010,Winter,Vancouver,Ice Hockey,Ice Hockey Women's Ice Hockey,Silver
20550,"Frances ""Bonny"" Chesson",F,33,172,64,Canada,CAN,1984 Summer,1984,Summer,Los Angeles,Equestrianism,"Equestrianism Mixed Dressage, Team", 
72240,Virginio Lunardi,M,19,184,70,Italy,ITA,1988 Winter,1988,Winter,Calgary,Ski Jumping,"Ski Jumping Men's Large Hill, Individual", 
100407,Leandro de Carvalho Pinto Ribela,M,29,184,81,Brazil,BRA,2010 Winter,2010,Winter,Vancouver,Cross Country Skiing,Cross Country Skiing Men's 15 kilometres, 
113893,Nicola Spirig Hug,F,34,166,54,Switzerland,SUI,2016 Summer,2016,Summer,Rio de Janeiro,Triathlon,Triathlon Women's Olympic Distance,Silver
124491,Zoe van der Weel,F,21,161,61,Great Britain,GBR,2012 Summer,2012,Summer,London,Handball,Handball Women's Handball, 
123037,"Ruggero ""Roger"" Ubertalli",M,,,,Italy,ITA,1920 Summer,1920,Summer,Antwerpen,Equestrianism,"Equestrianism Men's Jumping, Individual", 
115568,Stoyan Koev Stoyanov,M,28,170,70,Bulgaria,BUL,1960 Summer,1960,Summer,Roma,Gymnastics,Gymnastics Men's Rings, 
7288,William Lee Ball,M,27,,,Canada,CAN,1936 Winter,1936,Winter,Garmisch-Partenkirchen,Cross Country Skiing,Cross Country Skiing Men's 18 kilometres, 
34955,Vanessa Ferrari,F,25,146,45,Italy,ITA,2016 Summer,2016,Summer,Rio de Janeiro,Gymnastics,Gymnastics Women's Team All-Around, 
22601,Megan Helen Compain,F,28,175,65,New Zealand,NZL,2004 Summer,2004,Summer,Athina,Basketball,Basketball Women's Basketball, 
62434,Kong Yingchao,F,19,165,55,China,CHN,2002 Winter,2002,Winter,Salt Lake City,Biathlon,Biathlon Women's 4 x 7.5 kilometres Relay, 
114211,Michael Staksrud,M,23,178,,Norway,NOR,1932 Winter,1932,Winter,Lake Placid,Speed Skating,"Speed Skating Men's 10,000 metres", 
111090,Kothajit Singh Khadangbam,M,23,170,63,India,IND,2016 Summer,2016,Summer,Rio de Janeiro,Hockey,Hockey Men's Hockey, 
85523,Joo Carlos Carvalho das Neves,M,20,170,60,Portugal,POR,1984 Summer,1984,Summer,Los Angeles,Judo,Judo Men's Extra-Lightweight, 
82328,Eva Mortensen,F,18,171,55,Denmark,DEN,1988 Summer,1988,Summer,Seoul,Swimming,Swimming Women's 800 metres Freestyle, 
124402,Brigitte Elizabeth Maria van der Lans (-Schuijt),F,16,175,68,Netherlands,NED,1984 Summer,1984,Summer,Los Angeles,Swimming,Swimming Women's 200 metres Backstroke, 
43729,Fernand Guillou,M,22,180,78,France,FRA,1948 Summer,1948,Summer,London,Basketball,Basketball Men's Basketball,Silver
133947,Danielle Zangrando,F,25,162,57,Brazil,BRA,2004 Summer,2004,Summer,Athina,Judo,Judo Women's Lightweight, 
35803,Laura lodie Flessel-Colovic,F,36,171,55,France,FRA,2008 Summer,2008,Summer,Beijing,Fencing,"Fencing Women's epee, Individual", 
89184,Seiji Ono,M,32,177,65,Japan-1,JPN,1988 Summer,1988,Summer,Seoul,Table Tennis,Table Tennis Men's Doubles, 
125802,Loris Vellar,M,25,,,Italy,ITA,1976 Winter,1976,Winter,Innsbruck,Speed Skating,"Speed Skating Men's 5,000 metres", 
37185,Arnold Aaron Friedman,M,53,,,United States,USA,1932 Summer,1932,Summer,Los Angeles,Art Competitions,"Art Competitions Mixed Painting, Unknown Event", 
107298,Walter Alphons Schneider,M,20,,,Switzerland,SUI,1948 Summer,1948,Summer,London,Swimming,Swimming Men's 100 metres Freestyle, 
48057,Moiss Daniel Hernndez Encarnacin,M,23,191,79,Dominican Republic,DOM,2016 Summer,2016,Summer,Rio de Janeiro,Taekwondo,Taekwondo Men's Welterweight, 
99252,Mary Elise Ray,F,18,152,48,United States,USA,2000 Summer,2000,Summer,Sydney,Gymnastics,Gymnastics Women's Uneven Bars, 
5663,Karl Birger Asplund,M,31,178,86,Sweden,SWE,1960 Summer,1960,Summer,Roma,Athletics,Athletics Men's Hammer Throw, 
135297,Abdelkader Al-Zrouri,M,27,197,100,Morocco,MAR,2004 Summer,2004,Summer,Athina,Taekwondo,Taekwondo Men's Heavyweight, 
29221,"Bohdan ""Don"" Domansky",M,29,180,77,Canada,CAN,1976 Summer,1976,Summer,Montreal,Athletics,Athletics Men's 4 x 400 metres Relay, 
115063,Fulvia Stevenin,F,18,171,65,Italy,ITA,1984 Winter,1984,Winter,Sarajevo,Alpine Skiing,Alpine Skiing Women's Slalom, 
87533,Sven Olof Nylander,M,34,194,85,Sweden,SWE,1996 Summer,1996,Summer,Atlanta,Athletics,Athletics Men's 400 metres Hurdles, 
34888,"Javier ""Xavi"" Fernndez Fernndez",M,24,194,84,Spain,ESP,1992 Summer,1992,Summer,Barcelona,Basketball,Basketball Men's Basketball, 
131483,Kelly Wood (-Schafer),F,24,154,58,Great Britain,GBR,2006 Winter,2006,Winter,Torino,Curling,Curling Women's Curling, 
57059,Nikolay Andreyevich Kamensky,M,28,167,68,Soviet Union,URS,1960 Winter,1960,Winter,Squaw Valley,Ski Jumping,"Ski Jumping Men's Normal Hill, Individual", 
36616,Yves Fraisse,M,20,186,87,France,FRA,1964 Summer,1964,Summer,Tokyo,Rowing,Rowing Men's Coxed Fours, 
97598,Mohamed Yuhdi Wijaya Purnomo,M,22,167,60,Indonesia,INA,1984 Summer,1984,Summer,Los Angeles,Athletics,Athletics Men's 4 x 100 metres Relay, 
97075,Valery Viktorovich Priyemko,M,25,177,78,Belarus,BLR,2008 Summer,2008,Summer,Beijing,Fencing,"Fencing Men's Sabre, Individual", 
93447,Vclav Peina,M,22,170,62,Czechoslovakia,TCH,1968 Winter,1968,Winter,Grenoble,Cross Country Skiing,Cross Country Skiing Men's 15 kilometres, 
94183,Jozef Petrulk,M,19,173,70,Slovakia,SVK,2014 Winter,2014,Winter,Sochi,Luge,Luge Mixed Team Relay, 
54162,Jaime Jefferson Guilarte,M,30,187,75,Cuba,CUB,1992 Summer,1992,Summer,Barcelona,Athletics,Athletics Men's Long Jump, 
21598,Luigi Cimnaghi,M,28,170,66,Italy,ITA,1968 Summer,1968,Summer,Mexico City,Gymnastics,Gymnastics Men's Horse Vault, 
36290,Ivar Formo,M,24,188,78,Norway,NOR,1976 Winter,1976,Winter,Innsbruck,Cross Country Skiing,Cross Country Skiing Men's 30 kilometres, 
2909,"Ian Alistair ""Al"" Allison",M,27,,,Canada,CAN,1936 Summer,1936,Summer,Berlin,Basketball,Basketball Men's Basketball,Silver
106241,Tamara Savi-otra,F,24,,,Serbia and Montenegro,SCG,1996 Summer,1996,Summer,Atlanta,Fencing,"Fencing Women's epee, Individual", 
78480,Ingeborg Mello de Preiss,F,33,169,70,Argentina,ARG,1952 Summer,1952,Summer,Helsinki,Athletics,Athletics Women's Discus Throw, 
27650,Taylor Phillip Dent,M,23,187,88,United States,USA,2004 Summer,2004,Summer,Athina,Tennis,Tennis Men's Singles, 
93912,Amy Eileen Peterson (-Peck),F,22,163,63,United States,USA,1994 Winter,1994,Winter,Lillehammer,Short Track Speed Skating,"Short Track Speed Skating Women's 1,000 metres", 
21679,Sorana Mihaela Crstea,F,18,175,63,Romania,ROU,2008 Summer,2008,Summer,Beijing,Tennis,Tennis Women's Singles, 
77710,Robert Tait McKenzie,M,65,,,Canada,CAN,1932 Summer,1932,Summer,Los Angeles,Art Competitions,"Art Competitions Mixed Sculpturing, Unknown Event", 
26014,Vasco de Carvalho,M,30,163,,Brazil,BRA,1932 Summer,1932,Summer,Los Angeles,Rowing,Rowing Men's Coxed Eights, 
122208,Tsang Yi Ming,M,22,176,64,Hong Kong,HKG,1988 Summer,1988,Summer,Seoul,Swimming,Swimming Men's 4 x 100 metres Freestyle Relay, 
78089,Kirils Medjancevs,M,21,182,72,Latvia,LAT,1992 Summer,1992,Summer,Barcelona,Modern Pentathlon,Modern Pentathlon Men's Team, 
89673,Alexander Os,M,30,184,72,Norway,NOR,2010 Winter,2010,Winter,Vancouver,Biathlon,Biathlon Men's 20 kilometres, 
87331,Carmen Beln Nez Oller,F,22,158,54,Spain,ESP,1980 Summer,1980,Summer,Moskva,Diving,Diving Women's Springboard, 
11841,"Spyridon ""Spyros"" Bitsakis",M,19,200,86,Greece,GRE,2000 Summer,2000,Summer,Sydney,Swimming,Swimming Men's 100 metres Freestyle, 
14784,Fruzsina Brvik,F,21,181,83,Hungary,HUN,2008 Summer,2008,Summer,Beijing,Water Polo,Water Polo Women's Water Polo, 
20376,Cheng Shao-Chieh,F,22,158,47,Chinese Taipei,TPE,2008 Summer,2008,Summer,Beijing,Badminton,Badminton Women's Singles, 
46284,Calvin Norris Hartley,M,20,186,76,South Africa,RSA,2008 Summer,2008,Summer,Beijing,Archery,Archery Men's Individual, 
34760,Leo Ciriaco Diago Fernandes,M,26,177,64,Kenya,KEN,1968 Summer,1968,Summer,Mexico City,Hockey,Hockey Men's Hockey, 
68410,Martti Alvari Lehtev,M,29,173,64,Finland,FIN,1960 Summer,1960,Summer,Roma,Boxing,Boxing Men's Light-Welterweight, 
112523,"Philip John ""Phil"" Smyth",M,26,183,80,Australia,AUS,1984 Summer,1984,Summer,Los Angeles,Basketball,Basketball Men's Basketball, 
13808,Konstantinos Botasis,M,,,,Athens-2,GRE,1906 Summer,1906,Summer,Athina,Football,Football Men's Football, 
47459,Elsa Josefina Eugenia Hellquist,F,37,,,Sweden,SWE,1924 Summer,1924,Summer,Paris,Fencing,"Fencing Women's Foil, Individual", 
4125,Hans Edmund Andresen,M,20,,,Denmark,DEN,1948 Summer,1948,Summer,London,Cycling,"Cycling Men's Tandem Sprint, 2,000 metres", 
62613,Sami Kooheji,M,20,177,82,Bahrain,BRN,2004 Summer,2004,Summer,Athina,Sailing,Sailing Mixed One Person Dinghy, 
103244,Igor Aleksandrovich Rudakov,M,25,187,98,Soviet Union,URS,1960 Summer,1960,Summer,Roma,Rowing,Rowing Men's Coxed Pairs,Silver
60668,Michaela Kirchgasser,F,24,169,62,Austria,AUT,2010 Winter,2010,Winter,Vancouver,Alpine Skiing,Alpine Skiing Women's Combined, 
69434,Li Li,F,17,149,39,China,CHN,1992 Summer,1992,Summer,Barcelona,Gymnastics,Gymnastics Women's Team All-Around, 
17331,Jakob Caironi,M,26,,,Switzerland,SUI,1928 Summer,1928,Summer,Amsterdam,Cycling,"Cycling Men's Road Race, Team", 
104579,Albert Sala Moreno,M,27,185,79,Spain,ESP,2008 Summer,2008,Summer,Beijing,Hockey,Hockey Men's Hockey,Silver
107962,Terrence J. Scook,M,25,160,51,Australia,AUS,1960 Summer,1960,Summer,Roma,Rowing,Rowing Men's Coxed Eights, 
96335,Franz Portmann,M,32,,,Canada,CAN,1964 Winter,1964,Winter,Innsbruck,Cross Country Skiing,Cross Country Skiing Men's 15 kilometres, 
34166,Sloane Elmo Farrington,M,25,187,95,Gem II,GBR,1948 Summer,1948,Summer,London,Sailing,Sailing Mixed Two Person Keelboat, 
133462,Yun Gyeong-Min,M,24,193,80,South Korea,KOR,2004 Summer,2004,Summer,Athina,Handball,Handball Men's Handball, 
89195,Ayumi Onodera-Ogasawara,F,23,156,51,Japan,JPN,2002 Winter,2002,Winter,Salt Lake City,Curling,Curling Women's Curling, 
13123,Catherine Louise Bond-Mills,F,24,183,67,Canada,CAN,1992 Summer,1992,Summer,Barcelona,Athletics,Athletics Women's Heptathlon, 
47930,Jnis Hermanis,M,23,186,80,Latvia,LAT,1994 Winter,1994,Winter,Lillehammer,Cross Country Skiing,Cross Country Skiing Men's 50 kilometres, 
37098,Andrew Freshwater,M,24,,,Great Britain,GBR,1998 Winter,1998,Winter, gano,Alpine Skiing,Alpine Skiing Men's Downhill, 
27801,Robert Y. Desjarlais,M,40,,,Canada,CAN,1948 Summer,1948,Summer,London,Fencing,"Fencing Men's Sabre, Team", 
111420,Marina Sisoyeva,F,19,150,48,Uzbekistan,UZB,2012 Summer,2012,Summer,London,Weightlifting,Weightlifting Women's Flyweight, 
74295,Laure Manaudou,F,17,180,69,France,FRA,2004 Summer,2004,Summer,Athina,Swimming,Swimming Women's 400 metres Freestyle,Gold
129964,John Thomas Whitaker,M,22,,,Great Britain,GBR,1908 Summer,1908,Summer,London,Gymnastics,Gymnastics Men's Team All-Around, 
27211,Steve Delaup,M,19,170,58,France,FRA,1992 Winter,1992,Winter,Albertville,Ski Jumping,"Ski Jumping Men's Large Hill, Team", 
11554,Jaroslav Bm,M,25,171,65,Czechoslovakia,TCH,1956 Summer,1956,Summer,Melbourne,Gymnastics,Gymnastics Men's Horse Vault, 
127086,"Kathleen ""Kathy"" Vogt (-Gregg)",F,16,165,57,Canada,CAN,1976 Winter,1976,Winter,Innsbruck,Speed Skating,Speed Skating Women's 500 metres, 
78393,"Maria Wilhelmina Johanna ""Mirjam"" Melchers-van Poppel",F,28,175,60,Netherlands,NED,2004 Summer,2004,Summer,Athina,Cycling,"Cycling Women's Road Race, Individual", 
31656,Andreas Ehrig,M,20,183,75,East Germany,GDR,1980 Winter,1980,Winter,Lake Placid,Speed Skating,"Speed Skating Men's 1,500 metres", 
46744,Albeta Havrankov,F,28,167,63,Czechoslovakia,TCH,1992 Winter,1992,Winter,Albertville,Cross Country Skiing,Cross Country Skiing Women's 30 kilometres, 
26196,"Adrianus Egbert Willem ""Arie"" de Jong",M,41,,,Netherlands,NED,1924 Summer,1924,Summer,Paris,Fencing,"Fencing Men's Foil, Team", 
109946,Darya Mikhaylovna Shmelyova,F,21,164,64,Russia,RUS,2016 Summer,2016,Summer,Rio de Janeiro,Cycling,Cycling Women's Team Sprint,Silver
14170,Michel Boutard,M,24,169,59,France,FRA,1980 Summer,1980,Summer,Moskva,Gymnastics,Gymnastics Men's Individual All-Around, 
130523,Patrick Willems,M,30,193,87,Belgium,BEL,1976 Summer,1976,Summer,Montreal,Rowing,Rowing Men's Double Sculls, 
98306,Mohamed Khaldoun Ragheb,M,41,,,Syria,SYR,1984 Summer,1984,Summer,Los Angeles,Shooting,Shooting Mixed Skeet, 
54282,Margaret H. Jenkins,F,29,167,59,United States,USA,1932 Summer,1932,Summer,Los Angeles,Athletics,Athletics Women's Discus Throw, 
121230,"John ""Jack"" Torrance",M,24,190,138,United States,USA,1936 Summer,1936,Summer,Berlin,Athletics,Athletics Men's Shot Put, 
110396,Hannu Juhani Siitonen,M,27,183,87,Finland,FIN,1976 Summer,1976,Summer,Montreal,Athletics,Athletics Men's Javelin Throw,Silver
70296,Thomas Linemayr,M,19,196,89,Austria,AUT,1980 Summer,1980,Summer,Moskva,Rowing,Rowing Men's Coxless Pairs, 
29623,Kurt Dossin,M,23,,,Germany,GER,1936 Summer,1936,Summer,Berlin,Handball,Handball Men's Handball,Gold
77162,Adam Henryk Maysz,M,20,170,55,Poland,POL,1998 Winter,1998,Winter, gano,Ski Jumping,"Ski Jumping Men's Large Hill, Team", 
118030,Masao Takemoto,M,32,160,56,Japan,JPN,1952 Summer,1952,Summer,Helsinki,Gymnastics,Gymnastics Men's Pommelled Horse, 
86980,Carl Dwayne Norris,M,24,178,82,Canada,CAN,1994 Winter,1994,Winter,Lillehammer,Ice Hockey,Ice Hockey Men's Ice Hockey,Silver
69124,"Stanley Allen ""Stan"" Levenson",M,18,,,Canada,CAN,1956 Summer,1956,Summer,Melbourne,Athletics,Athletics Men's 4 x 100 metres Relay, 
125156,Benjam Vanninen,M,26,,,Finland,FIN,1948 Winter,1948,Winter,Sankt Moritz,Cross Country Skiing,Cross Country Skiing Men's 50 kilometres,Bronze
80646,Noriyasu Mizukami,M,28,172,61,Japan,JPN,1976 Summer,1976,Summer,Montreal,Athletics,Athletics Men's Marathon, 
70478,Ghenadie Lisoconi,M,31,174,74,Moldova,MDA,1996 Summer,1996,Summer,Atlanta,Shooting,"Shooting Men's Rapid-Fire Pistol, 25 metres", 
102186,Georges-Joseph Jean Baptiste Rolot,M,22,,,France,FRA,1912 Summer,1912,Summer,Stockholm,Athletics,Athletics Men's 4 x 100 metres Relay, 
72663,"John Joseph Lyons, Jr.",M,23,,,United States,USA,1924 Winter,1924,Winter,Chamonix,Ice Hockey,Ice Hockey Men's Ice Hockey,Silver
63022,Konstantinos Koskinas,M,21,,,Greece,GRE,1976 Summer,1976,Summer,Montreal,Swimming,Swimming Men's 100 metres Butterfly, 
47031,Cariola Hechavarra Garca,F,24,180,70,Cuba,CUB,2000 Summer,2000,Summer,Sydney,Basketball,Basketball Women's Basketball, 
